{
    "name"              : "Netflix",
    "plugin"            : "plugin.video.netflix",
    "priority"          : 500,
    "play_movie"        : [
                            "plugin://plugin.video.netflix/directory/search/search/{title}/",
                            {"title": "{title}", "year": "{year}"}
                          ],
    "play_episode"      : [
                            "plugin://plugin.video.netflix/directory/search/search/{showname}/",
                            {"title": "{showname}"},
                            {"season": "{season}"},
                            {"season": "{season}", "episode": "{episode}"}
                          ],
    "search_movie"      : "plugin://plugin.video.netflix/directory/search/search/{title}/",
    "search_episode"    : "plugin://plugin.video.netflix/directory/search/search/{showname}/"
}