<?xml version="1.0" encoding="UTF-8" standalone="yes"?>
<addons>
  <addon id="plugin.video.netflix" name="Netflix" version="1.1.1" provider-name="libdev + jojo + asciidisco + caphm + castagnait">
    <requires>
      <import addon="xbmc.python" version="2.26.0"/>
      <import addon="script.module.addon.signals" version="0.0.3"/>
      <import addon="script.module.future" version="0.17.1"/>
      <import addon="script.module.inputstreamhelper" version="0.3.3"/>
      <import addon="script.module.pycryptodome" version="3.4.3"/>
      <import addon="script.module.requests" version="2.12.4"/>
    </requires>
    <extension point="xbmc.python.pluginsource" library="addon.py">
      <provides>video</provides>
    </extension>
    <extension point="xbmc.service" library="service.py"/>
    <extension point="xbmc.python.module" library="modules/mysql-connector-python"/>
    <extension point="xbmc.addon.metadata">
      <reuselanguageinvoker>true</reuselanguageinvoker>
      <summary lang="cs_CZ">Netflix</summary>
      <description lang="cs_CZ">Plugin pro sledování filmů, seriálů online z Netflixu</description>
      <disclaimer lang="cs_CZ">Některé části tohoto doplňku nemusí být ve vaší zemi pobytu legální - před instalací dbejte na vaše zákony.</disclaimer>
      <summary lang="de_DE">Netflix</summary>
      <description lang="de_DE">Addon für Netflix VOD Services</description>
      <disclaimer lang="de_DE">Möglicherweise sind einge Teile dieses Addons in Ihrem Land illegal, Sie sollten dies unbedingt vor der Installation überprüfen.</disclaimer>
      <summary lang="en_GB">Netflix</summary>
      <description lang="en_GB">Netflix VOD Services Add-on</description>
      <disclaimer lang="en_GB">Some parts of this add-on may not be legal in your country of residence - please check with your local laws before installing.</disclaimer>
      <summary lang="el_GR">Νέτφλιξ</summary>
      <description lang="el_GR">Πρόσθετο υπηρεσιών κατά παραγγελία του Νέτφλιξ</description>
      <disclaimer lang="el_GR">Ορισμένα μέρη αυτού του προσθέτου μπορεί να μην είναι νόμιμα στην χώρα που κατοικείτε - παρακαλώ ελέγξτε τους τοπικούς νόμους πριν την εγκατάσταση.</disclaimer>
      <summary lang="nl_NL">Netflix</summary>
      <description lang="nl_NL">Bekijk Netflix films en tvprogramma's in Kodi.</description>
      <disclaimer lang="nl_NL">Sommige delen van deze add-on zijn mogelijk onwettig in jouw land - raadpleeg de lokale wetgeving alvorens deze add-on te installeren.</disclaimer>
      <summary lang="ja_JP">Netflix</summary>
      <description lang="ja_JP">Netflix VOD サービスアドオン</description>
      <disclaimer lang="ja_JP">一部の国では、このアドオンが不法でありますので、設置する前に必ず関連法律を確認してください</disclaimer>
      <summary lang="ko_KR">Netflix</summary>
      <description lang="ko_KR">Netflix VOD 서비스애드온</description>
      <disclaimer lang="ko_KR">일부 국가에서는 이 애드온의 일부가 불법일 수도 있으니, 설치하기전 관련 법을 확인하기 바랍니다.</disclaimer>
      <description lang="it_IT">Netflix Add-on servizi VOD</description>
      <disclaimer lang="it_IT">Alcune parti di questo add-on potrebbero non essere legali nel proprio paese di residenza - si prega di verificare le leggi locali prima dell'installazione.</disclaimer>
      <summary lang="hu_HU">Netflix</summary>
      <description lang="hu_HU">Netflix VOD kiegészítő a Kodihoz</description>
      <disclaimer lang="hu_HU">Előfordulhat, hogy a kiegészítő néhány része nem törvényes az Ön országában - telepítés előtt tájékozódjon a helyi törvényekről.</disclaimer>
      <summary lang="tr_tr">Netflix</summary>
      <description lang="tr_tr">Netflix VOD Hizmetleri Eklentisi</description>
      <disclaimer lang="tr_tr">Bu eklentinin bazı bölümleri ikamet ettiğiniz ülkede yasal olmayabilir - lütfen yüklemeden önce yerel yasalarınıza bakın.</disclaimer>
      <assets>
        <icon>resources/media/icon.png</icon>
        <fanart>resources/media/fanart.jpg</fanart>
        <screenshot>resources/media/screenshot-01.jpg</screenshot>
        <screenshot>resources/media/screenshot-02.jpg</screenshot>
        <screenshot>resources/media/screenshot-03.jpg</screenshot>
        <screenshot>resources/media/screenshot-04.jpg</screenshot>
        <screenshot>resources/media/screenshot-05.jpg</screenshot>
      </assets>
      <language>en cs de es hr hu it ja ko nl pl pt sv tr</language>
      <platform>all</platform>
      <license>MIT</license>
      <website>https://www.netflix.com</website>
      <email></email>
      <forum>https://forum.kodi.tv/showthread.php?tid=329767</forum>
      <source>https://github.com/CastagnaIT/plugin.video.netflix</source>
      <news>
  v1.1.1 (2020-03-24)
  -Fixed critical bug caused continuous profile switching
  -Fixed unicode decode error to profile auto-selection
      </news>
    </extension>
  </addon>

  <addon id="plugin.video.netflix" name="Netflix" version="1.1.0" provider-name="libdev + jojo + asciidisco + caphm + castagnait">
    <requires>
      <import addon="xbmc.python" version="2.26.0"/>
      <import addon="script.module.addon.signals" version="0.0.3"/>
      <import addon="script.module.future" version="0.17.1"/>
      <import addon="script.module.inputstreamhelper" version="0.3.3"/>
      <import addon="script.module.pycryptodome" version="3.4.3"/>
      <import addon="script.module.requests" version="2.12.4"/>
    </requires>
    <extension point="xbmc.python.pluginsource" library="addon.py">
      <provides>video</provides>
    </extension>
    <extension point="xbmc.service" library="service.py"/>
    <extension point="xbmc.python.module" library="modules/mysql-connector-python"/>
    <extension point="xbmc.addon.metadata">
      <reuselanguageinvoker>true</reuselanguageinvoker>
      <summary lang="cs_CZ">Netflix</summary>
      <description lang="cs_CZ">Plugin pro sledování filmů, seriálů online z Netflixu</description>
      <disclaimer lang="cs_CZ">Některé části tohoto doplňku nemusí být ve vaší zemi pobytu legální - před instalací dbejte na vaše zákony.</disclaimer>
      <summary lang="de_DE">Netflix</summary>
      <description lang="de_DE">Addon für Netflix VOD Services</description>
      <disclaimer lang="de_DE">Möglicherweise sind einge Teile dieses Addons in Ihrem Land illegal, Sie sollten dies unbedingt vor der Installation überprüfen.</disclaimer>
      <summary lang="en_GB">Netflix</summary>
      <description lang="en_GB">Netflix VOD Services Add-on</description>
      <disclaimer lang="en_GB">Some parts of this add-on may not be legal in your country of residence - please check with your local laws before installing.</disclaimer>
      <summary lang="el_GR">Νέτφλιξ</summary>
      <description lang="el_GR">Πρόσθετο υπηρεσιών κατά παραγγελία του Νέτφλιξ</description>
      <disclaimer lang="el_GR">Ορισμένα μέρη αυτού του προσθέτου μπορεί να μην είναι νόμιμα στην χώρα που κατοικείτε - παρακαλώ ελέγξτε τους τοπικούς νόμους πριν την εγκατάσταση.</disclaimer>
      <summary lang="nl_NL">Netflix</summary>
      <description lang="nl_NL">Bekijk Netflix films en tvprogramma's in Kodi.</description>
      <disclaimer lang="nl_NL">Sommige delen van deze add-on zijn mogelijk onwettig in jouw land - raadpleeg de lokale wetgeving alvorens deze add-on te installeren.</disclaimer>
      <summary lang="ja_JP">Netflix</summary>
      <description lang="ja_JP">Netflix VOD サービスアドオン</description>
      <disclaimer lang="ja_JP">一部の国では、このアドオンが不法でありますので、設置する前に必ず関連法律を確認してください</disclaimer>
      <summary lang="ko_KR">Netflix</summary>
      <description lang="ko_KR">Netflix VOD 서비스애드온</description>
      <disclaimer lang="ko_KR">일부 국가에서는 이 애드온의 일부가 불법일 수도 있으니, 설치하기전 관련 법을 확인하기 바랍니다.</disclaimer>
      <description lang="it_IT">Netflix Add-on servizi VOD</description>
      <disclaimer lang="it_IT">Alcune parti di questo add-on potrebbero non essere legali nel proprio paese di residenza - si prega di verificare le leggi locali prima dell'installazione.</disclaimer>
      <summary lang="hu_HU">Netflix</summary>
      <description lang="hu_HU">Netflix VOD kiegészítő a Kodihoz</description>
      <disclaimer lang="hu_HU">Előfordulhat, hogy a kiegészítő néhány része nem törvényes az Ön országában - telepítés előtt tájékozódjon a helyi törvényekről.</disclaimer>
      <summary lang="tr_tr">Netflix</summary>
      <description lang="tr_tr">Netflix VOD Hizmetleri Eklentisi</description>
      <disclaimer lang="tr_tr">Bu eklentinin bazı bölümleri ikamet ettiğiniz ülkede yasal olmayabilir - lütfen yüklemeden önce yerel yasalarınıza bakın.</disclaimer>
      <assets>
        <icon>resources/media/icon.png</icon>
        <fanart>resources/media/fanart.jpg</fanart>
        <screenshot>resources/media/screenshot-01.jpg</screenshot>
        <screenshot>resources/media/screenshot-02.jpg</screenshot>
        <screenshot>resources/media/screenshot-03.jpg</screenshot>
        <screenshot>resources/media/screenshot-04.jpg</screenshot>
        <screenshot>resources/media/screenshot-05.jpg</screenshot>
      </assets>
      <language>en cs de es hr hu it ja ko nl pl pt sv tr</language>
      <platform>all</platform>
      <license>MIT</license>
      <website>https://www.netflix.com</website>
      <email></email>
      <forum>https://forum.kodi.tv/showthread.php?tid=329767</forum>
      <source>https://github.com/CastagnaIT/plugin.video.netflix</source>
      <news>
  v1.1.0 (2020-03-20)
  -Added more supplemental info to plot info
  -Added customizable color to suppl. plot info
  -Added Greek language
  -Added more results to recommendations menu
  -Improved auto-login feature (now called "profile auto-selection")
  -Improved password request in particular circumstances
  -Improvements to recognize external calls to add-on
  -Fixed msl issues with login with different account after a logout
  -Fixed an issue in the strm resume workaround
  -Fixed an issue caused broken configuration wizard on L1 android devices
  -Fixed an issue which prevented the loading of profile list with a backslash on the names
  -Fixed an issue which prevented the loading of suppl. info to plot info
  -Fixed an issue caused interruption of sending video status progress after video pause or seek
  -Updated it, de, nl translations
  -Other minor fixes
      </news>
    </extension>
  </addon>

  <addon id="plugin.video.netflix" name="Netflix" version="1.0.0" provider-name="libdev + jojo + asciidisco + caphm + castagnait">
    <requires>
      <import addon="xbmc.python" version="2.26.0"/>
      <import addon="script.module.addon.signals" version="0.0.3"/>
      <import addon="script.module.future" version="0.17.1"/>
      <import addon="script.module.inputstreamhelper" version="0.3.3"/>
      <import addon="script.module.pycryptodome" version="3.4.3"/>
      <import addon="script.module.requests" version="2.12.4"/>
    </requires>
    <extension point="xbmc.python.pluginsource" library="addon.py">
      <provides>video</provides>
    </extension>
    <extension point="xbmc.service" library="service.py"/>
    <extension point="xbmc.python.module" library="modules/mysql-connector-python"/>
    <extension point="xbmc.addon.metadata">
      <reuselanguageinvoker>true</reuselanguageinvoker>
      <summary lang="cs_CZ">Netflix</summary>
      <description lang="cs_CZ">Plugin pro sledování filmů, seriálů online z Netflixu</description>
      <disclaimer lang="cs_CZ">Některé části tohoto doplňku nemusí být ve vaší zemi pobytu legální - před instalací dbejte na vaše zákony.</disclaimer>
      <summary lang="de_DE">Netflix</summary>
      <description lang="de_DE">Addon für Netflix VOD Services</description>
      <disclaimer lang="de_DE">Möglicherweise sind einge Teile dieses Addons in Ihrem Land illegal, Sie sollten dies unbedingt vor der Installation überprüfen.</disclaimer>
      <summary lang="en_GB">Netflix</summary>
      <description lang="en_GB">Netflix VOD Services Addon</description>
      <disclaimer lang="en_GB">Some parts of this addon may not be legal in your country of residence - please check with your local laws before installing.</disclaimer>
      <summary lang="nl_NL">Netflix</summary>
      <description lang="nl_NL">Bekijk Netflix films en tvprogramma's in Kodi.</description>
      <disclaimer lang="nl_NL">Sommige delen van deze add-on zijn mogelijk onwettig in jouw land - raadpleeg de lokale wetgeving alvorens deze add-on te installeren.</disclaimer>
      <summary lang="ja_JP">Netflix</summary>
      <description lang="ja_JP">Netflix VOD サービスアドオン</description>
      <disclaimer lang="ja_JP">一部の国では、このアドオンが不法でありますので、設置する前に必ず関連法律を確認してください</disclaimer>
      <summary lang="ko_KR">Netflix</summary>
      <description lang="ko_KR">Netflix VOD 서비스애드온</description>
      <disclaimer lang="ko_KR">일부 국가에서는 이 애드온의 일부가 불법일 수도 있으니, 설치하기전 관련 법을 확인하기 바랍니다.</disclaimer>
      <description lang="it_IT">Netflix Addon servizi VOD</description>
      <disclaimer lang="it_IT">Alcune parti di questo addon potrebbero non essere legali nel proprio paese di residenza - si prega di verificare le leggi locali prima dell'installazione.</disclaimer>
      <summary lang="hu_HU">Netflix</summary>
      <description lang="hu_HU">Netflix VOD kiegészítő a Kodihoz</description>
      <disclaimer lang="hu_HU">Előfordulhat, hogy a kiegészítő néhány része nem törvényes az Ön országában - telepítés előtt tájékozódjon a helyi törvényekről.</disclaimer>
      <summary lang="tr_tr">Netflix</summary>
      <description lang="tr_tr">Netflix VOD Hizmetleri Eklentisi</description>
      <disclaimer lang="tr_tr">Bu eklentinin bazı bölümleri ikamet ettiğiniz ülkede yasal olmayabilir - lütfen yüklemeden önce yerel yasalarınıza bakın.</disclaimer>
      <assets>
        <icon>resources/media/icon.png</icon>
        <fanart>resources/media/fanart.jpg</fanart>
        <screenshot>resources/media/screenshot-01.jpg</screenshot>
        <screenshot>resources/media/screenshot-02.jpg</screenshot>
        <screenshot>resources/media/screenshot-03.jpg</screenshot>
        <screenshot>resources/media/screenshot-04.jpg</screenshot>
        <screenshot>resources/media/screenshot-05.jpg</screenshot>
      </assets>
      <language>en cs de es hr hu it ja ko nl pl pt sv tr</language>
      <platform>all</platform>
      <license>MIT</license>
      <website>https://www.netflix.com</website>
      <email></email>
      <forum>https://forum.kodi.tv/showthread.php?tid=329767</forum>
      <source>https://github.com/CastagnaIT/plugin.video.netflix</source>
      <news>
  v1.0.0 (2020-03-06)
  -Added watched status sync with Netflix services WIP (details on github wiki)
  -Reworked add-on/kodi auto-configuration based on device and system characteristics
  -Reworked MSL service
  -Added support to MSL switch profile, this fixes very old issues:
    -Requests are now performed with the right msl profile
    -No more missing audio languages on non-owner profiles
    -No more missing subtitle languages on non-owner profiles
    -No more video not available error when main profile has age limits and other profile are set as adults
    -You can update watched status on all profiles
  -Added workaround to fix 4k media flag with android device 4k capable
  -Added turkish language
  -Changes on nfsession profile switch in order to get the profiles cookies
  -Improved ESN generation on android devices
  -Automatically turn off omx player on raspberry (not compatible)
  -Fixed the error when opening the Export menu caused by too many exported items
  -Fixed an issue that causing delayed start of services features after start playback
  -Fixed issues with ios/tvos restrictions (but due to missing widevine library for now are not supported)
  -Fixed service databases upgrade
  -Fixed an issue that caused wrong behaviour with Reset ESN
  -Fixed an issue that caused wrong behaviour with highlighted titles
  -Fixed a rare issue that caused "stream continuity" to stop working
  -Updated jp, kr, it, pl, hu, hr, de, fr, es translations
  -A lot of other code changes
      </news>
    </extension>
  </addon>
</addons>
