<?xml version="1.0" encoding="UTF-8"?>
<addon id="plugin.video.themoviedb.helper"
version="2.2.73"
name="TheMovieDb Helper"
provider-name="jurialmunkey">
<requires>
  <import addon="xbmc.python" version="2.26.0"/>
  <import addon="script.module.simplecache" version="1.0.11" />
  <import addon="script.module.requests" version="2.9.1"/> 
</requires>
<extension point="xbmc.python.pluginsource" library="plugin.py">
  <provides>video</provides>
</extension>
<extension point="xbmc.service" library="service.py" />
<extension point="xbmc.python.script" library="script.py" />
<extension point="kodi.context.item">
  <menu id="kodi.core.main">
    <item library="context-play.py">
      <label>Play Using</label>
      <visible>[String.IsEqual(ListItem.dbtype,episode) + !String.IsEmpty(ListItem.Property(tvshow.tmdb_id)) + !String.IsEmpty(ListItem.Season) + !String.IsEmpty(ListItem.Episode)] | [String.IsEqual(ListItem.dbtype,movie) + !String.IsEmpty(ListItem.Property(tmdb_id))] </visible>
    </item>
    <item library="context-open.py">
      <label>Browse Seasons</label>
      <visible>String.IsEqual(ListItem.dbtype,episode) + !String.IsEmpty(ListItem.Property(tvshow.tmdb_id))</visible>
    </item>
    <item library="context-watchlist.py">
      <label>Add/Remove from Trakt Watchlist</label>
      <visible>String.StartsWith(ListItem.path,plugin://plugin.video.themoviedb.helper/) + !String.IsEmpty(Window(Home).Property(TMDbHelper.TraktIsAuth)) + !String.IsEmpty(ListItem.Property(tmdb_id)) + [String.IsEqual(ListItem.dbtype,episode) | String.IsEqual(ListItem.dbtype,movie) | String.IsEqual(ListItem.dbtype,tvshow)]</visible>
    </item>
    <item library="context-history.py">
      <label>Add/Remove from Trakt History</label>
      <visible>String.StartsWith(ListItem.path,plugin://plugin.video.themoviedb.helper/) + !String.IsEmpty(Window(Home).Property(TMDbHelper.TraktIsAuth)) + !String.IsEmpty(ListItem.Property(tmdb_id)) + [String.IsEqual(ListItem.dbtype,episode) | String.IsEqual(ListItem.dbtype,movie) | String.IsEqual(ListItem.dbtype,tvshow)]</visible>
    </item>
    <item library="context-collection.py">
      <label>Add/Remove from Trakt Collection</label>
      <visible>String.StartsWith(ListItem.path,plugin://plugin.video.themoviedb.helper/) + !String.IsEmpty(Window(Home).Property(TMDbHelper.TraktIsAuth)) + !String.IsEmpty(ListItem.Property(tmdb_id)) + [String.IsEqual(ListItem.dbtype,episode) | String.IsEqual(ListItem.dbtype,movie) | String.IsEqual(ListItem.dbtype,tvshow)]</visible>
    </item>
    <item library="context-library.py">
      <label>Add to Kodi Library</label>
      <visible>String.StartsWith(ListItem.path,plugin://plugin.video.themoviedb.helper/) + !String.IsEmpty(ListItem.Property(tmdb_id)) + [String.IsEqual(ListItem.dbtype,episode) | String.IsEqual(ListItem.dbtype,movie) | String.IsEqual(ListItem.dbtype,tvshow) | String.IsEqual(ListItem.dbtype,season)]</visible>
    </item>
  </menu>
</extension>
<extension point="xbmc.addon.metadata">
  <summary lang="en_GB">TheMovieDb Helper - Now With Trakt Support!</summary>
  <description lang="en_GB">TheMovieDb Helper provides details about movies, tvshows and actors from TMDb. Users can access a variety of lists from TMDb and Trakt.</description>
  <disclaimer lang="en_GB">Provided by TheMovieDb and Trakt.</disclaimer>
  <license>GPL-3.0</license>
  <assets>
    <icon>icon.png</icon>
    <fanart>fanart.jpg</fanart>
    <screenshot>resources/screenshot-01.jpg</screenshot>
    <screenshot>resources/screenshot-02.jpg</screenshot>
  </assets>
  <news>2.2.73 - Trakt Error fix[CR]2.2.72 - Some playlist fixes[CR]2.2.71 - Add URL encode options for player values[CR]2.2.70 - NextAired Library Improvements use Trakt[CR]2.2.69 - LMAO - Browse seasons[CR]2.2.68 - Fix trakt context for episodes[CR]2.2.67 - Add day to next aired labels[CR]2.2.66 - Some next aired library tweeks[CR]2.2.65 - Add play using context menu[CR]2.2.64 - Library next aired[CR]2.2.63 - Sort userlists by added date instead of rating[CR]2.2.62 - Add regions for release dates[CR]2.2.61 - Relative release dates in discover[CR]2.2.60 - Add release type selection in discover[CR]2.2.59 - Expose Trakt context addremove function[CR]2.2.58 - Add search history caching[CR]2.2.57 - Add feedback for adding items to watchlist etc.[CR]2.2.56 - Add Videos section to details[CR]2.2.55 - Fix for TraktAPI false positives getting slug[CR]2.2.54 - Potential fix for Trakt management options to only show if auth[CR]2.2.53 - Another fix for resolving url bugs - NOTICE: Users should re-add old strm files[CR]2.2.52 - Add autoupdate on startup option for library added shows[CR]2.2.51 - Flatten seasons option[CR]2.2.50 - Add season and episode numbers to episodes[CR]2.2.49 - Separate unaired movies/episodes option[CR]2.2.48 - Remove TMDB/Fanart develop key expert options as children can't help but get their sticky fingers all over it even after being told not to touch[CR]2.2.47 - Better clearing of service monitor properties[CR]2.2.46 - Fix for fanarttv on episode widgets[CR]2.2.45 - Add option to show next page item on widgets[CR]2.2.44 - Potential fix for both strm and widget player resolve[CR]2.2.43 - Fix for mostwatched shows/movies not reaching limit[CR]2.2.42 - Fix for unwatched episode counts[CR]2.2.41 - Remove resolveurl to prevent crashing bug and add fixes for fanarttv: Episode artwork plus connection error loop[CR]2.2.39/40 - Add role to label2[CR]2.2.38 - Expand Trakt list limit option[CR]2.2.37 - Add throwaway var to attempt fix for _strptime import bug[CR]2.2.36 - Possible fix for old settings format log spam[CR]2.2.35 - Potential fix for datetime bug in py2[CR]2.2.34 - Fix for plugin failed to play error[CR]2.2.33 - Fix for context menu trakt management of tvshows[CR]2.2.32 - Fix for trakt collection url not resolving to details[CR]2.2.31 - Add option to disable folder creation check[CR]2.2.30 - Reattempt create filepath as possible fix for false failure report[CR]2.2.29 - Only skip TMDbHelper .strm files in local library[CR]2.2.28 - Add options for add to library path[CR]2.2.26/27 - Fixes for add to library[CR]2.2.25 - Formatting future episodes fix[CR]2.2.24 - Browse Trakt Collection[CR]2.2.23 - Add to Kodi Library function[CR]2.2.22 - Player now ignores strm files in local library[CR]2.2.21 - Improvements to In-Progress[CR]2.2.20 - Add option to hide unaired episodes/movies. Format unaired episode/movie labels to red italic[CR]2.2.19 - Additional artwork types from kodilibrary[CR]2.2.18 - Cleanup and clear some empty keys[CR]2.2.17 - Add person kodidb stats to service monitor[CR]2.2.16 - Fix service monitor for people[CR]2.2.14/5 - playmedia param for close dialog[CR]2.2.13 - Extra checks to prevent double adding[CR]2.2.11 - Add Rule improvements to Discover[CR]2.2.10 - Move stats to infoproperties[CR]2.2.9 - DB Stats for Person[CR]2.2.8 - Use select dialog instead of container for discover method[CR]2.2.7 - Add discover select boxes[CR]2.2.6 - Fix for unicode error in add_query params[CR]2.2.5 - Expose discover method for users[CR]2.2.4 - Cleanup for window manager service monitor[CR]2.2.3 - Add close dialog option[CR]2.2.2 - Add Gender Field[CR]2.2.1 - Additional Sets Properties[CR]2.2.0 - Call Auto method for handling extendedinfo experience</news>
</extension>
</addon>
