<?xml version="1.0" encoding="UTF-8"?>
<!-- Foundation -->
<window id="6">
    <defaultcontrol always="true">50</defaultcontrol>
    <menucontrol>300</menucontrol>
    <include>ViewIDs</include>
    <onload>RunScript(plugin.video.themoviedb.helper,kodi_setting=myvideos.selectaction,property=SelectAction)</onload>
    <onunload>ClearProperty(SelectAction,Home)</onunload>
    <onload>ClearProperty(OSD_Menu,Home)</onload>
    <onunload>ClearProperty(OSD_Menu,Home)</onunload>
    <controls>
        <include>Viewtypes</include>

        <include content="Dialog_Menu">
            <param name="id" value="9200" />
            <param name="onback" value="300" />
            <param name="onleft" value="300" />
            <param name="onright" value="300" />
            <param name="content" value="Items_Similar" />
            <param name="header" value="$INFO[Container.ListItem.Title]" />
            <param name="visible" value="Control.HasFocus(9200)" />
        </include>

        <!-- Hidden Buttons -->
        <include>Defs_Options_StandardButtons</include>
        <control type="button" id="8">
            <label>$LOCALIZE[137]</label>
            <include>Defs_Hidden_Button</include>
        </control>
        <control type="togglebutton" id="14">
            <label>$LOCALIZE[20367]: $LOCALIZE[16039]</label>
            <altlabel>$LOCALIZE[20367]: $LOCALIZE[16041]</altlabel>
            <usealttexture>System.Setting(hidewatched)</usealttexture>
            <description>Watched Unwatched</description>
            <include>Defs_Hidden_Button</include>
        </control>
        <control type="radiobutton" id="19">
            <description>Filter</description>
            <include>Defs_Hidden_Button</include>
        </control>
        <control type="button" id="20">
            <description>Update Library</description>
            <label>653</label>
            <include>Defs_Hidden_Button</include>
        </control>
    </controls>
</window>
