<?xml version="1.0" encoding="UTF-8"?>
<includes>
    <include name="Animation_Home_Slide">
        <animation effect="slide" end="160" time="300" tween="quadratic" condition="Control.HasFocus(301) | Control.HasFocus(303) | [Control.HasFocus(3992) + String.IsEmpty(Window.Property(WidgetFocus))] | [Skin.HasSetting(LockMainMenu) + !$EXP[Exp_InfoVisible]]">Conditional</animation>
        <animation effect="slide" start="0" end="-160" time="300" tween="quadratic" condition="Control.HasFocus(301) | Control.HasFocus(303) | [Control.HasFocus(3992) + String.IsEmpty(Window.Property(WidgetFocus))] | Skin.HasSetting(LockMainMenu)">WindowClose</animation>
        <animation effect="slide" start="-160" end="0" time="300" tween="quadratic" condition="Control.HasFocus(301) | Control.HasFocus(303) | [Control.HasFocus(3992) + String.IsEmpty(Window.Property(WidgetFocus))] | Skin.HasSetting(LockMainMenu)">WindowOpen</animation>
    </include>

    <include name="Animation_WallView_Fade">
        <animation effect="fade" reversible="false" start="0" end="100" delay="399" time="1" condition="![Control.HasFocus(5151) | Control.HasFocus(5252) | Control.HasFocus(5353) | Control.HasFocus(5454) | Control.HasFocus(5656)]">Conditional</animation>
        <animation effect="fade" reversible="false" end="0" start="100" condition="[Control.HasFocus(5151) | Control.HasFocus(5252) | Control.HasFocus(5353) | Control.HasFocus(5454) | Control.HasFocus(5656)]">Conditional</animation>
    </include>

    <include name="Animation_Settings">
        <animation type="WindowOpen" reversible="false" condition="!Window.Previous(SettingsCategory.xml) + !Window.Previous(SkinSettings.xml) + !Window.Previous(SettingsProfile.xml) + !Window.Previous(SettingsSystemInfo.xml)">
            <effect type="fade" start="0" end="100" time="300" delay="150"/>
            <effect type="slide" start="0,-48" end="0" center="auto" tween="back" easing="out" time="350" delay="150"/>
        </animation>
    </include>

    <include name="Animation_UpDown">
        <animation type="Visible" reversible="false">
            <effect type="fade" start="0" end="100" delay="0" time="300" tween="sine" easing="out"/>
        </animation>
        <animation type="Conditional" reversible="false" condition="$PARAM[visible] + String.IsEqual(Window(Home).Property(WidgetMovement),OnUp)">
            <effect type="slide" start="0,-320" end="0" delay="0" time="400" tween="cubic" easing="out" />
        </animation>
        <animation type="Conditional" reversible="false" condition="$PARAM[visible] + String.IsEqual(Window(Home).Property(WidgetMovement),OnDown)">
            <effect type="slide" start="0,320" end="0" delay="0" time="400" tween="cubic" easing="out" />
        </animation>
        <!-- <animation type="Conditional" reversible="false" condition="$PARAM[visible] + String.IsEmpty(Window(Home).Property(WidgetMovement))">
            <effect type="slide" start="0,320" end="0" time="400" tween="cubic" easing="out" />
        </animation> -->

        <animation type="Hidden" reversible="false">
            <effect type="fade" start="100" end="0" time="300" tween="sine" easing="out" />
        </animation>
        <animation type="Conditional" reversible="false" condition="!$PARAM[visible] + String.IsEqual(Window(Home).Property(WidgetMovement),OnUp)">
            <effect type="slide" end="0,320" start="0" time="400" tween="cubic" easing="out" />
        </animation>
        <animation type="Conditional" reversible="false" condition="!$PARAM[visible] + String.IsEqual(Window(Home).Property(WidgetMovement),OnDown)">
            <effect type="slide" end="0,-320" start="0" time="400" tween="cubic" easing="out" />
        </animation>
        <!-- <animation type="Conditional" reversible="false" condition="!$PARAM[visible] + String.IsEmpty(Window(Home).Property(WidgetMovement))">
            <effect type="slide" end="0,-320" start="0" time="400" tween="cubic" easing="out" />
        </animation> -->
    </include>

    <include name="Animation_Down">
        <animation type="WindowOpen" reversible="false">
            <effect type="slide" start="0,320" end="0" time="400" tween="cubic" easing="out" />
            <effect type="fade" start="0" end="100" time="300" tween="sine" easing="out"/>
        </animation>
        <animation type="Visible" reversible="false">
            <effect type="fade" start="0" end="100" time="300" tween="sine" easing="out"/>
            <effect type="slide" start="0,320" end="0" time="400" tween="cubic" easing="out" />
        </animation>
    </include>

    <include name="Animation_Down_Info">
        <animation type="WindowOpen" reversible="false">
            <effect type="fade" start="0" end="100" delay="400" time="300" tween="sine" easing="out"/>
            <effect type="slide" start="0,320" end="0" delay="400" time="400" tween="cubic" easing="out" />
        </animation>
        <animation type="WindowClose" reversible="false">
            <effect type="fade" start="100" end="0" time="300" tween="sine" easing="out" />
            <effect type="slide" start="0" end="0,320" time="300" tween="cubic" easing="out" />
        </animation>
        <animation type="Visible" reversible="false">
            <effect type="fade" start="0" end="100" time="300" tween="sine" easing="out"/>
            <effect type="slide" start="0,320" end="0" time="400" tween="cubic" easing="out" />
        </animation>
        <animation type="Hidden" reversible="false">
            <effect type="fade" start="100" end="0" time="300" tween="sine" easing="out" />
            <effect type="slide" start="0" end="0,320" time="300" tween="cubic" easing="out" />
        </animation>
    </include>

    <include name="Animation_Common">
        <animation type="Visible" reversible="false">
            <effect type="fade" start="0" end="100" time="300" delay="300" tween="sine" easing="in" />
            <effect type="zoom" start="85" end="100" time="300" delay="300" center="auto" tween="sine" easing="out" />
        </animation>

        <animation type="Hidden" reversible="false" condition="$EXP[Exp_CommonAnimation]">
            <effect type="zoom" start="100" end="85" center="auto" tween="sine" delay="0" easing="out" time="300" />
            <effect type="fade" start="100" end="0" tween="cubic" easing="out" delay="0" time="300" />
        </animation>
    </include>

    <include name="Animation_Left">
        <animation type="Visible" reversible="false">
            <effect type="fade" start="0" end="100" time="300" tween="sine" easing="out"/>
            <effect type="slide" start="-320" end="0" time="400" tween="cubic" easing="out" />
        </animation>
        <animation type="Hidden" reversible="false">
            <effect type="fade" start="100" end="0" time="300" tween="sine" easing="out" />
            <effect type="slide" start="0" end="-320" time="300" tween="cubic" easing="out" />
        </animation>
        <animation type="WindowOpen" reversible="false">
            <effect type="fade" start="0" end="100" time="300" tween="sine" easing="out"/>
            <effect type="slide" start="-320" end="0" time="400" tween="cubic" easing="out" />
        </animation>
        <animation type="WindowClose" reversible="false">
            <effect type="fade" start="100" end="0" time="300" tween="sine" easing="out" />
            <effect type="slide" start="0" end="-320" time="300" tween="cubic" easing="out" />
        </animation>
    </include>

    <include name="Animation_Info_Left">
        <animation type="Visible" reversible="false">
            <effect type="fade" start="0" end="100" time="300" tween="sine" easing="out"/>
            <effect type="slide" start="-700" end="0" time="400" tween="cubic" easing="out" />
        </animation>
        <animation type="WindowOpen" reversible="false">
            <effect type="fade" start="0" end="100" time="300" tween="sine" easing="out"/>
            <effect type="slide" start="-700" end="0" time="400" tween="cubic" easing="out" />
        </animation>
        <animation type="WindowClose" reversible="false">
            <effect type="fade" end="0" start="100" delay="100" time="300" tween="sine" easing="out"/>
            <effect type="slide" end="-700" start="0" time="400" tween="cubic" easing="out" />
        </animation>
    </include>

    <include name="Animation_Info">
        <animation type="WindowOpen" reversible="false">
            <effect type="slide" start="-700" end="0" time="400" tween="quadratic" />
        </animation>
        <animation type="WindowClose" reversible="false">
            <effect type="fade" end="0" start="100" delay="400" time="1" />
            <effect type="slide" end="-700" start="0" time="400" tween="quadratic" />
        </animation>
    </include>

    <include name="Animation_Right">
        <animation type="Visible" reversible="false">
            <effect type="fade" start="0" end="100" time="300" tween="sine" easing="out"/>
            <effect type="slide" start="320" end="0" time="400" tween="cubic" easing="out" />
        </animation>
        <animation type="Hidden" reversible="false">
            <effect type="fade" start="100" end="0" time="300" tween="sine" easing="out" />
            <effect type="slide" start="0" end="320" time="300" tween="cubic" easing="out" />
        </animation>
        <animation type="WindowOpen" reversible="false">
            <effect type="fade" start="0" end="100" time="300" tween="sine" easing="out"/>
            <effect type="slide" start="320" end="0" time="400" tween="cubic" easing="out" />
        </animation>
        <animation type="WindowClose" reversible="false">
            <effect type="fade" start="100" end="0" time="300" tween="sine" easing="out" />
            <effect type="slide" start="0" end="320" time="300" tween="cubic" easing="out" />
        </animation>
    </include>

    <include name="Animation_Left_Delay">
        <animation type="Visible" reversible="false">
            <effect type="fade" start="0" end="100" time="300" delay="400" tween="sine" easing="out"/>
            <effect type="slide" start="-320" end="0" time="400" delay="400" tween="cubic" easing="out" />
        </animation>
        <animation type="Hidden" reversible="false">
            <effect type="fade" start="100" end="0" time="300" tween="sine" easing="out" />
            <effect type="slide" start="0" end="-320" time="300" tween="cubic" easing="out" />
        </animation>
        <animation type="WindowOpen" reversible="false">
            <effect type="fade" start="0" end="100" time="300" delay="400" tween="sine" easing="out"/>
            <effect type="slide" start="-320" end="0" time="400" delay="400" tween="cubic" easing="out" />
        </animation>
        <animation type="WindowClose" reversible="false" condition="!String.IsEmpty(Window(Home).Property(InfoTrick.Active))">
            <effect type="fade" start="100" end="0" time="300" delay="400" tween="sine" easing="out" />
            <effect type="slide" start="0" end="-320" time="300" delay="400" tween="cubic" easing="out" />
        </animation>
        <animation type="WindowClose" reversible="false" condition="String.IsEmpty(Window(Home).Property(InfoTrick.Active))">
            <effect type="fade" start="100" end="0" time="300" delay="0" tween="sine" easing="out" />
            <effect type="slide" start="0" end="-320" time="300" delay="0" tween="cubic" easing="out" />
        </animation>
    </include>

    <include name="Animation_Right_Delay">
        <animation type="Visible" reversible="false">
            <effect type="fade" start="0" end="100" time="300" delay="400" tween="sine" easing="out"/>
            <effect type="slide" start="320" end="0" time="400" delay="400" tween="cubic" easing="out" />
        </animation>
        <animation type="Hidden" reversible="false">
            <effect type="fade" start="100" end="0" time="300" tween="sine" easing="out" />
            <effect type="slide" start="0" end="320" time="300" tween="cubic" easing="out" />
        </animation>
        <animation type="WindowOpen" reversible="false">
            <effect type="fade" start="0" end="100" time="300" delay="400" tween="sine" easing="out"/>
            <effect type="slide" start="320" end="0" time="400" delay="400" tween="cubic" easing="out" />
        </animation>
        <animation type="WindowClose" reversible="false" condition="String.IsEmpty(Window(Home).Property(InfoTrick.Active))">
            <effect type="fade" start="100" end="0" time="300" tween="sine" easing="out" />
            <effect type="slide" start="0" end="320" time="300" tween="cubic" easing="out" />
        </animation>
        <animation type="WindowClose" reversible="false" condition="!String.IsEmpty(Window(Home).Property(InfoTrick.Active))">
            <effect type="fade" start="100" end="0" time="300" delay="400" tween="sine" easing="out" />
            <effect type="slide" start="0" end="320" time="300" delay="400" tween="cubic" easing="out" />
        </animation>
    </include>

    <include name="Animation_FadeInOut_Common">
        <animation effect="fade" start="0" end="100" time="400" tween="cubic" easing="inout">Visible</animation>
        <animation effect="fade" start="100" end="0" time="400" tween="cubic" easing="inout">Hidden</animation>
        <animation effect="fade" start="0" end="100" time="400" tween="cubic" easing="inout">WindowOpen</animation>
        <animation effect="fade" start="100" end="0" time="400" tween="cubic" easing="inout">WindowClose</animation>
    </include>

    <include name="Animation_FadeInOut">
        <animation effect="fade" start="0" end="100" time="400" tween="cubic" easing="inout">Visible</animation>
        <animation effect="fade" start="100" end="0" time="400" tween="cubic" easing="inout">Hidden</animation>
    </include>

    <include name="Animation_FadeIn_FromHome">
        <animation effect="fade" start="0" end="100" time="400" tween="cubic" easing="inout" condition="Window.Previous(Home)">WindowOpen</animation>
    </include>

    <include name="Animation_FadeIn">
        <animation effect="fade" start="0" end="100" time="400" tween="cubic" easing="inout">Visible</animation>
        <animation effect="fade" start="0" end="100" time="400" tween="cubic" easing="inout">WindowOpen</animation>
    </include>

    <include name="Animation_FadeIn_Delay">
        <animation effect="fade" start="0" end="100" time="400" tween="cubic" easing="inout" reversible="false" delay="200">Visible</animation>
    </include>

    <include name="Animation_Info_Fade_Delay">
        <animation type="Conditional" condition="Control.HasFocus(8000) + !String.IsEmpty(Window.Property(windowopen))">
            <effect type="fade" start="100" end="0" time="1" delay="0" />
        </animation>
    </include>

    <include name="Animation_ZoomIn">
        <animation type="WindowOpen" reversible="false">
            <effect type="fade" start="0" end="100" time="300" tween="sine" easing="in" />
            <effect type="zoom" start="80" end="100" time="300" center="auto" tween="quadratic" easing="out" />
        </animation>
        <animation type="Visible" reversible="false">
            <effect type="fade" start="0" end="100" time="300" tween="sine" easing="in" />
            <effect type="zoom" start="80" end="100" time="300" center="auto" tween="quadratic" easing="out" />
        </animation>
    </include>

    <include name="Animation_FadeIn_Slide">
        <animation type="Visible" reversible="false">
            <effect type="fade" start="0" end="100" time="300" delay="150"/>
            <effect type="slide" start="0,-48" end="0" center="auto" tween="back" easing="out" time="350" delay="150"/>
        </animation>
        <animation type="WindowOpen" reversible="false">
            <effect type="fade" start="0" end="100" time="300" delay="150"/>
            <effect type="slide" start="0,-48" end="0" center="auto" tween="back" easing="out" time="350" delay="150"/>
        </animation>
    </include>
    <include name="Animation_FadeIn_SlideUp">
        <animation type="Visible" reversible="false">
            <effect type="fade" start="0" end="100" time="300" delay="150"/>
            <effect type="slide" start="0,48" end="0" center="auto" tween="back" easing="out" time="350" delay="150"/>
        </animation>
        <animation type="WindowOpen" reversible="false">
            <effect type="fade" start="0" end="100" time="300" delay="150"/>
            <effect type="slide" start="0,48" end="0" center="auto" tween="back" easing="out" time="350" delay="150"/>
        </animation>
    </include>

    <include name="Animation_FadeOut">
        <animation effect="fade" end="0" start="100" time="150">Hidden</animation>
        <animation effect="fade" end="0" start="100" time="150">WindowClose</animation>
    </include>

</includes>
