<?xml version="1.0" encoding="UTF-8"?>
<window type="window" id="1111">
    <defaultcontrol always="true">4100</defaultcontrol>
    <onload>SetProperty(Header_Left_Text,Library Calendar)</onload>
    <controls>
        <include content="Viewtype_Calendar">
            <param name="viewtype-include" value="Viewtype_Landscape" />
            <param name="icon" value="$VAR[Image_Landscape]" />
            <param name="info" value="library_nextaired" />
            <param name="movement" value="3" />
        </include>
    </controls>
</window>
