<?xml version="1.0" encoding="UTF-8"?>
<!-- Foundation -->
<window id="129">
    <defaultcontrol always="true">10</defaultcontrol>


    <controls>

        <include>Global_Overlay</include>

        <control type="group">
            <include content="Dialog_Standard_Group">
                <param name="width" value="1360" />
                <param name="height" value="940" />
            </include>
            <control type="label" id="2">
                <include>Dialog_Standard_Header</include>
            </control>

            <control type="grouplist">
                <top>dialog_top</top>
                <left>dialog_pad</left>
                <right>dialog_pad</right>
                <orientation>vertical</orientation>
                <itemgap>dialog_pad</itemgap>
                <align>top</align>
                <ondown>10</ondown>
                <control type="edit" id="12">
                    <description>Name</description>
                    <label/>
                    <align>left</align>
                    <textoffsetx>30</textoffsetx>
                    <ondown>10</ondown>
                    <ondown>9000</ondown>
                    <texturenofocus colordiffuse="dialog_fg_12" border="5">common/box.png</texturenofocus>
                    <include>Dialog_Standard_Right_Buttons</include>
                </control>

            </control>

            <control type="group">
                <top>dialog_top</top>
                <include content="Dialog_Standard_List">
                    <param name="id" value="10" />
                    <param name="list_style" value="Dialog_Standard_List_Itemlayout_Simple" />
                    <param name="left_pad" value="10" />
                    <param name="checkmark" value="false" />
                    <param name="onup" value="12" />
                    <!-- <param name="ondown" value="9000" /> -->
                    <param name="onright" value="8000" />
                </include>

                <control type="group">
                    <bottom>236</bottom>
                    <include>Dialog_Separator_Right</include>
                </control>
                <control type="group">
                    <include>Dialog_Standard_Right_Group</include>
                    <control type="grouplist" id="8000">
                        <onleft>10</onleft>
                        <onup>12</onup>
                        <orientation>vertical</orientation>
                        <itemgap>0</itemgap>
                        <control type="button" id="18">
                            <label>186</label>
                            <include>Dialog_Standard_Right_Buttons</include>
                        </control>
                        <control type="button" id="19">
                            <label>222</label>
                            <include>Dialog_Standard_Right_Buttons</include>
                        </control>
                        <control type="button" id="11">
                            <description>Browse</description>
                            <label>1024</label>
                            <include>Dialog_Standard_Right_Buttons</include>
                        </control>
                        <control type="button" id="13">
                            <description>Add</description>
                            <label>15019</label>
                            <include>Dialog_Standard_Right_Buttons</include>
                        </control>
                        <control type="button" id="14">
                            <description>Remove</description>
                            <label>1210</label>
                            <include>Dialog_Standard_Right_Buttons</include>
                        </control>
                    </control>
                </control>
            </control>

            <!-- <control type="grouplist" id="9000">
                <left>dialog_pad</left>
                <right>dialog_pad</right>
                <bottom>dialog_pad</bottom>
                <height>item_list_height</height>
                <align>center</align>
                <onup>12</onup>
                <orientation>horizontal</orientation>
                <itemgap>dialog_pad</itemgap>
                <control type="button" id="18">
                    <label>186</label>
                    <width>312</width>
                    <texturenofocus colordiffuse="dialog_fg_12" border="5">common/box.png</texturenofocus>
                    <include>Dialog_Standard_Right_Buttons</include>
                </control>
                <control type="button" id="19">
                    <label>222</label>
                    <width>312</width>
                    <texturenofocus colordiffuse="dialog_fg_12" border="5">common/box.png</texturenofocus>
                    <include>Dialog_Standard_Right_Buttons</include>
                </control>
            </control> -->

        </control>
    </controls>

</window>
