<?xml version="1.0" encoding="UTF-8"?>
<includes>

    <include name="View_54_Episodes">
        <control type="group">
            <visible>Control.IsVisible(54)</visible>
            <include>Animation_Down</include>
            <include content="Viewtype_Landscape">
                <param name="id" value="54" />
                <param name="viewtype-label" value="$LOCALIZE[31234]" />
                <left>-80</left>
                <right>-80</right>
                <bottom>-20</bottom>
                <include>Viewtype_Movement</include>
                <onfocus condition="!Skin.HasSetting(NoFanart) + ![Container.Content(episodes) | Container.Content(videos)]">SetProperty(TMDbHelper.Blur.SourceImage,landscape,Home)</onfocus>
                .
                <onfocus condition="!Skin.HasSetting(NoFanart) + [Container.Content(episodes) | Container.Content(videos)]">SetProperty(TMDbHelper.Blur.SourceImage,thumb,Home)</onfocus>

                <onfocus condition="Skin.HasSetting(NoFanart)">SetProperty(TMDbHelper.Blur.SourceImage,Art(fallback),Home)</onfocus>

                <ondown condition="!Skin.HasSetting(DisableWallScroll)">5454</ondown>
                <ondown condition="Skin.HasSetting(DisableWallScroll)">60</ondown>
                <pagecontrol>60</pagecontrol>
                <onfocus>ClearProperty(TMDbHelper.WidgetContainer,Home)</onfocus>
                <visible>Container.Content(artists) | Container.Content(episodes) | Container.Content(videos) | Container.Content(sets) | String.IsEqual(Container.PluginName,plugin.video.abc_iview) | Window.IsVisible(MyPVRRecordings.xml) | Window.IsVisible(MyPVRSearch.xml) | Window.IsVisible(MyPVRTimers.xml) | String.IsEqual(Container.Property(Param.Info),fanart) | [Container.Content(musicvideos) + Window.IsVisible(MyVideoNav.xml)]</visible>
                <visible>!Window.IsVisible(MyPlaylist.xml)</visible>
                <visible>!String.IsEqual(Container.Property(Param.Info),details)</visible>
            </include>
            <include content="Home_Hub_Widget_Label2">
                <param name="id" value="54" />
                <param name="label" value="$VAR[Label_Header_Center]" />
                <param name="altlabel" value="$INFO[Control.GetLabel(3),, ]$INFO[Control.GetLabel(4)]" />
            </include>
        </control>
    </include>

    <include name="View_54_Episodes_Wall">
        <control type="grouplist">
            <visible>Control.HasFocus($PARAM[wall-id])</visible>
            <animation type="Visible" reversible="false">
                <effect type="slide" start="0,480" end="0" time="400" tween="cubic" easing="out" />
            </animation>
            <animation type="Hidden" reversible="false">
                <effect type="fade" end="0" start="100" delay="400" time="1" tween="sine" easing="out"/>
                <effect type="slide" end="0,480" start="0" time="400" tween="cubic" easing="out" />
            </animation>
            <top>-740</top>
            <bottom>-700</bottom>
            <left>-920</left>
            <right>-920</right>
            <orientation>vertical</orientation>
            <itemgap>0</itemgap>
            <animation effect="slide" tween="quadratic" time="400" reversible="false" end="-450" condition="!String.IsEqual(Window.Property($PARAM[wall-id]_OnMove),right)">Conditional</animation>
            <animation effect="slide" tween="quadratic" time="400" reversible="false" end="450" condition="!String.IsEqual(Window.Property($PARAM[wall-id]_OnMove),left)">Conditional</animation>

            <animation effect="slide" tween="quadratic" time="400" reversible="false" end="0,-360" condition="!String.IsEqual(Window.Property($PARAM[wall-id]_OnMove),down)">Conditional</animation>
            <animation effect="slide" tween="quadratic" time="400" reversible="false" end="0,360" condition="!String.IsEqual(Window.Property($PARAM[wall-id]_OnMove),up)">Conditional</animation>
            <control type="grouplist">
                <animation effect="fade" reversible="false" start="0" end="100" time="400" tween="sine" easing="out" condition="Control.HasFocus($PARAM[wall-id])">Conditional</animation>
                <animation effect="fade" reversible="false" end="0" start="100" time="400" tween="sine" easing="out" condition="!Control.HasFocus($PARAM[wall-id])">Conditional</animation>
                <height>360</height>
                <usecontrolcoords>true</usecontrolcoords>
                <orientation>horizontal</orientation>
                <itemgap>0</itemgap>
                <include content="View_54_Episodes_WallItem">
                    <param name="id" value="$PARAM[id]" />
                    <param name="wall-id" value="$PARAM[wall-id]" />
                    <param name="pos" value="-10" />
                </include>
                <include content="View_54_Episodes_WallItem">
                    <param name="id" value="$PARAM[id]" />
                    <param name="wall-id" value="$PARAM[wall-id]" />
                    <param name="pos" value="-9" />
                </include>
                <include content="View_54_Episodes_WallItem">
                    <param name="id" value="$PARAM[id]" />
                    <param name="wall-id" value="$PARAM[wall-id]" />
                    <param name="pos" value="-8" />
                </include>
                <include content="View_54_Episodes_WallItem">
                    <param name="id" value="$PARAM[id]" />
                    <param name="wall-id" value="$PARAM[wall-id]" />
                    <param name="pos" value="-7" />
                </include>
                <include content="View_54_Episodes_WallItem">
                    <param name="id" value="$PARAM[id]" />
                    <param name="wall-id" value="$PARAM[wall-id]" />
                    <param name="pos" value="-6" />
                </include>
                <include content="View_54_Episodes_WallItem">
                    <param name="id" value="$PARAM[id]" />
                    <param name="wall-id" value="$PARAM[wall-id]" />
                    <param name="pos" value="-5" />
                </include>
                <include content="View_54_Episodes_WallItem">
                    <param name="id" value="$PARAM[id]" />
                    <param name="wall-id" value="$PARAM[wall-id]" />
                    <param name="pos" value="-4" />
                </include>
                <include content="View_54_Episodes_WallItem">
                    <param name="id" value="$PARAM[id]" />
                    <param name="wall-id" value="$PARAM[wall-id]" />
                    <param name="pos" value="-3" />
                </include>
            </control>
            <control type="grouplist">
                <animation effect="fade" reversible="false" start="0" end="100" time="400" tween="sine" easing="out" condition="Control.HasFocus($PARAM[wall-id])">Conditional</animation>
                <animation effect="fade" reversible="false" end="0" start="100" time="400" tween="sine" easing="out" condition="!Control.HasFocus($PARAM[wall-id])">Conditional</animation>
                <height>360</height>
                <usecontrolcoords>true</usecontrolcoords>
                <orientation>horizontal</orientation>
                <itemgap>0</itemgap>
                <include content="View_54_Episodes_WallItem">
                    <param name="id" value="$PARAM[id]" />
                    <param name="wall-id" value="$PARAM[wall-id]" />
                    <param name="pos" value="-6" />
                </include>
                <include content="View_54_Episodes_WallItem">
                    <param name="id" value="$PARAM[id]" />
                    <param name="wall-id" value="$PARAM[wall-id]" />
                    <param name="pos" value="-5" />
                </include>
                <include content="View_54_Episodes_WallItem">
                    <param name="id" value="$PARAM[id]" />
                    <param name="wall-id" value="$PARAM[wall-id]" />
                    <param name="pos" value="-4" />
                </include>
                <include content="View_54_Episodes_WallItem">
                    <param name="id" value="$PARAM[id]" />
                    <param name="wall-id" value="$PARAM[wall-id]" />
                    <param name="pos" value="-3" />
                </include>
                <include content="View_54_Episodes_WallItem">
                    <param name="id" value="$PARAM[id]" />
                    <param name="wall-id" value="$PARAM[wall-id]" />
                    <param name="pos" value="-2" />
                </include>
                <include content="View_54_Episodes_WallItem">
                    <param name="id" value="$PARAM[id]" />
                    <param name="wall-id" value="$PARAM[wall-id]" />
                    <param name="pos" value="-1" />
                </include>
                <include content="View_54_Episodes_WallItem">
                    <param name="id" value="$PARAM[id]" />
                    <param name="wall-id" value="$PARAM[wall-id]" />
                    <param name="pos" value="0" />
                </include>
                <include content="View_54_Episodes_WallItem">
                    <param name="id" value="$PARAM[id]" />
                    <param name="wall-id" value="$PARAM[wall-id]" />
                    <param name="pos" value="1" />
                </include>
            </control>
            <control type="grouplist">
                <height>360</height>
                <usecontrolcoords>true</usecontrolcoords>
                <orientation>horizontal</orientation>
                <itemgap>0</itemgap>
                <include content="View_54_Episodes_WallItem">
                    <param name="id" value="$PARAM[id]" />
                    <param name="wall-id" value="$PARAM[wall-id]" />
                    <param name="pos" value="-2" />
                </include>
                <include content="View_54_Episodes_WallItem">
                    <param name="id" value="$PARAM[id]" />
                    <param name="wall-id" value="$PARAM[wall-id]" />
                    <param name="pos" value="-1" />
                </include>
                <include content="View_54_Episodes_WallItem">
                    <param name="id" value="$PARAM[id]" />
                    <param name="wall-id" value="$PARAM[wall-id]" />
                    <param name="selectbox" value="true" />
                    <param name="pos" value="0" />
                </include>
                <include content="View_54_Episodes_WallItem">
                    <param name="id" value="$PARAM[id]" />
                    <param name="wall-id" value="$PARAM[wall-id]" />
                    <param name="pos" value="1" />
                </include>
                <include content="View_54_Episodes_WallItem">
                    <param name="id" value="$PARAM[id]" />
                    <param name="wall-id" value="$PARAM[wall-id]" />
                    <param name="pos" value="2" />
                </include>
                <include content="View_54_Episodes_WallItem">
                    <param name="id" value="$PARAM[id]" />
                    <param name="wall-id" value="$PARAM[wall-id]" />
                    <param name="pos" value="3" />
                </include>
                <include content="View_54_Episodes_WallItem">
                    <param name="id" value="$PARAM[id]" />
                    <param name="wall-id" value="$PARAM[wall-id]" />
                    <param name="pos" value="4" />
                </include>
                <include content="View_54_Episodes_WallItem">
                    <param name="id" value="$PARAM[id]" />
                    <param name="wall-id" value="$PARAM[wall-id]" />
                    <param name="pos" value="5" />
                </include>
            </control>
            <control type="grouplist">
                <animation effect="fade" reversible="false" start="0" end="100" time="400" tween="sine" easing="out" condition="Control.HasFocus($PARAM[wall-id])">Conditional</animation>
                <animation effect="fade" reversible="false" end="0" start="100" time="400" tween="sine" easing="out" condition="!Control.HasFocus($PARAM[wall-id])">Conditional</animation>
                <height>360</height>
                <usecontrolcoords>true</usecontrolcoords>
                <orientation>horizontal</orientation>
                <itemgap>0</itemgap>
                <include content="View_54_Episodes_WallItem">
                    <param name="id" value="$PARAM[id]" />
                    <param name="wall-id" value="$PARAM[wall-id]" />
                    <param name="pos" value="2" />
                </include>
                <include content="View_54_Episodes_WallItem">
                    <param name="id" value="$PARAM[id]" />
                    <param name="wall-id" value="$PARAM[wall-id]" />
                    <param name="pos" value="3" />
                </include>
                <include content="View_54_Episodes_WallItem">
                    <param name="id" value="$PARAM[id]" />
                    <param name="wall-id" value="$PARAM[wall-id]" />
                    <param name="pos" value="4" />
                </include>
                <include content="View_54_Episodes_WallItem">
                    <param name="id" value="$PARAM[id]" />
                    <param name="wall-id" value="$PARAM[wall-id]" />
                    <param name="pos" value="5" />
                </include>
                <include content="View_54_Episodes_WallItem">
                    <param name="id" value="$PARAM[id]" />
                    <param name="wall-id" value="$PARAM[wall-id]" />
                    <param name="pos" value="6" />
                </include>
                <include content="View_54_Episodes_WallItem">
                    <param name="id" value="$PARAM[id]" />
                    <param name="wall-id" value="$PARAM[wall-id]" />
                    <param name="pos" value="7" />
                </include>
                <include content="View_54_Episodes_WallItem">
                    <param name="id" value="$PARAM[id]" />
                    <param name="wall-id" value="$PARAM[wall-id]" />
                    <param name="pos" value="8" />
                </include>
                <include content="View_54_Episodes_WallItem">
                    <param name="id" value="$PARAM[id]" />
                    <param name="wall-id" value="$PARAM[wall-id]" />
                    <param name="pos" value="9" />
                </include>
            </control>
            <control type="grouplist">
                <animation effect="fade" reversible="false" start="0" end="100" time="400" tween="sine" easing="out" condition="Control.HasFocus($PARAM[wall-id])">Conditional</animation>
                <animation effect="fade" reversible="false" end="0" start="100" time="400" tween="sine" easing="out" condition="!Control.HasFocus($PARAM[wall-id])">Conditional</animation>
                <height>360</height>
                <usecontrolcoords>true</usecontrolcoords>
                <orientation>horizontal</orientation>
                <itemgap>0</itemgap>
                <include content="View_54_Episodes_WallItem">
                    <param name="id" value="$PARAM[id]" />
                    <param name="wall-id" value="$PARAM[wall-id]" />
                    <param name="pos" value="6" />
                </include>
                <include content="View_54_Episodes_WallItem">
                    <param name="id" value="$PARAM[id]" />
                    <param name="wall-id" value="$PARAM[wall-id]" />
                    <param name="pos" value="7" />
                </include>
                <include content="View_54_Episodes_WallItem">
                    <param name="id" value="$PARAM[id]" />
                    <param name="wall-id" value="$PARAM[wall-id]" />
                    <param name="pos" value="8" />
                </include>
                <include content="View_54_Episodes_WallItem">
                    <param name="id" value="$PARAM[id]" />
                    <param name="wall-id" value="$PARAM[wall-id]" />
                    <param name="pos" value="9" />
                </include>
                <include content="View_54_Episodes_WallItem">
                    <param name="id" value="$PARAM[id]" />
                    <param name="wall-id" value="$PARAM[wall-id]" />
                    <param name="pos" value="10" />
                </include>
                <include content="View_54_Episodes_WallItem">
                    <param name="id" value="$PARAM[id]" />
                    <param name="wall-id" value="$PARAM[wall-id]" />
                    <param name="pos" value="11" />
                </include>
                <include content="View_54_Episodes_WallItem">
                    <param name="id" value="$PARAM[id]" />
                    <param name="wall-id" value="$PARAM[wall-id]" />
                    <param name="pos" value="12" />
                </include>
                <include content="View_54_Episodes_WallItem">
                    <param name="id" value="$PARAM[id]" />
                    <param name="wall-id" value="$PARAM[wall-id]" />
                    <param name="pos" value="13" />
                </include>
            </control>
            <control type="grouplist">
                <animation effect="fade" reversible="false" start="0" end="100" time="400" tween="sine" easing="out" condition="Control.HasFocus($PARAM[wall-id])">Conditional</animation>
                <animation effect="fade" reversible="false" end="0" start="100" time="400" tween="sine" easing="out" condition="!Control.HasFocus($PARAM[wall-id])">Conditional</animation>
                <height>360</height>
                <usecontrolcoords>true</usecontrolcoords>
                <orientation>horizontal</orientation>
                <itemgap>0</itemgap>
                <include content="View_54_Episodes_WallItem">
                    <param name="id" value="$PARAM[id]" />
                    <param name="wall-id" value="$PARAM[wall-id]" />
                    <param name="pos" value="10" />
                </include>
                <include content="View_54_Episodes_WallItem">
                    <param name="id" value="$PARAM[id]" />
                    <param name="wall-id" value="$PARAM[wall-id]" />
                    <param name="pos" value="11" />
                </include>
                <include content="View_54_Episodes_WallItem">
                    <param name="id" value="$PARAM[id]" />
                    <param name="wall-id" value="$PARAM[wall-id]" />
                    <param name="pos" value="12" />
                </include>
                <include content="View_54_Episodes_WallItem">
                    <param name="id" value="$PARAM[id]" />
                    <param name="wall-id" value="$PARAM[wall-id]" />
                    <param name="pos" value="13" />
                </include>
                <include content="View_54_Episodes_WallItem">
                    <param name="id" value="$PARAM[id]" />
                    <param name="wall-id" value="$PARAM[wall-id]" />
                    <param name="pos" value="14" />
                </include>
                <include content="View_54_Episodes_WallItem">
                    <param name="id" value="$PARAM[id]" />
                    <param name="wall-id" value="$PARAM[wall-id]" />
                    <param name="pos" value="15" />
                </include>
                <include content="View_54_Episodes_WallItem">
                    <param name="id" value="$PARAM[id]" />
                    <param name="wall-id" value="$PARAM[wall-id]" />
                    <param name="pos" value="16" />
                </include>
                <include content="View_54_Episodes_WallItem">
                    <param name="id" value="$PARAM[id]" />
                    <param name="wall-id" value="$PARAM[wall-id]" />
                    <param name="pos" value="17" />
                </include>
            </control>
        </control>

        <control type="button" id="$PARAM[button-id]">
            <include>Defs_Offscreen</include>
            <onfocus>SetFocus($PARAM[id])</onfocus>
            <onfocus>Action(Select)</onfocus>
            <animation effect="fade" start="0" end="100" delay="500" time="1">Focus</animation>
        </control>
        <control type="button" id="$PARAM[wall-id]">
            <include>Defs_Hidden_Button</include>
            <onback>$PARAM[id]</onback>
            <oninfo>SetFocus($PARAM[id])</oninfo>
            <oninfo>AlarmClock(nfo,Action(Info),00:01,silent)</oninfo>
            <onclick>SetFocus($PARAM[button-id])</onclick>
            <onleft>SetProperty($PARAM[wall-id]_OnMove,left)</onleft>
            <onleft>AlarmClock(clr,ClearProperty($PARAM[wall-id]_OnMove),00:00,silent)</onleft>
            <onleft>Control.Move($PARAM[id],-1)</onleft>
            <onright>SetProperty($PARAM[wall-id]_OnMove,right)</onright>
            <onright>AlarmClock(clr,ClearProperty($PARAM[wall-id]_OnMove),00:00,silent)</onright>
            <onright>Control.Move($PARAM[id],1)</onright>
            <ondown>SetProperty($PARAM[wall-id]_OnMove,down)</ondown>
            <ondown>AlarmClock(clr,ClearProperty($PARAM[wall-id]_OnMove),00:00,silent)</ondown>
            <ondown>Control.Move($PARAM[id],4)</ondown>
            <onup>SetProperty($PARAM[wall-id]_OnMove,up)</onup>
            <onup>AlarmClock(clr,ClearProperty($PARAM[wall-id]_OnMove),00:00,silent)</onup>
            <onup>Control.Move($PARAM[id],-4)</onup>
        </control>

        <control type="group">
            <animation effect="fade" start="0" end="100" time="500" tween="cubic" easing="inout">Visible</animation>
            <animation effect="fade" start="100" end="0" time="500" tween="cubic" easing="inout">Hidden</animation>
            <visible>Control.HasFocus($PARAM[wall-id])</visible>
            <control type="image">
                <top>-200</top>
                <left>-80</left>
                <right>-80</right>
                <height>200</height>
                <texture>common/dim-top.png</texture>
            </control>
            <control type="image">
                <bottom>-100</bottom>
                <left>-80</left>
                <right>-80</right>
                <height>200</height>
                <texture flipy="true">common/dim-top.png</texture>
            </control>
        </control>

        <include content="Object_Wall_SortLetter" condition="!Skin.HasSetting(DisableWallSortLetter)">
            <param name="id" value="$PARAM[id]" />
            <param name="wall-id" value="$PARAM[wall-id]" />
        </include>

        <include content="View_52_Posters_WallInfo">
            <param name="id" value="$PARAM[id]" />
            <param name="wall-id" value="$PARAM[wall-id]" />
        </include>
    </include>

    <include name="View_54_Episodes_WallItem">
        <param name="selectbox" default="false" />
        <definition>
            <control type="group">
                <width>item_landscape_width</width>
                <height>360</height>
                <include content="View_54_Episodes_WallItem_Layout">
                    <param name="selectbox" value="$PARAM[selectbox]" />
                    <param name="id" value="$PARAM[id]" />
                    <param name="wall-id" value="$PARAM[wall-id]" />
                    <param name="icon" value="$VAR[Image_Landscape_C$PARAM[id]_$PARAM[pos]]" />
                    <param name="diffuse" value="diffuse/poster-std.png" />
                    <param name="textpanel" value="true" />
                    <param name="textbox-height" value="89" />
                    <param name="textbox-visible" value="true" />
                    <param name="pos" value="$PARAM[pos]" />
                </include>
            </control>
        </definition>
    </include>

    <include name="View_54_Episodes_WallItem_Layout">
        <include condition="$PARAM[textpanel]">Object_PosterBack</include>
        <control type="group">
            <include>Defs_Pad</include>
            <!-- Image -->
            <control type="group">
                <bottom>$PARAM[textbox-height]</bottom>
                <include content="Object_PosterBack" condition="!$PARAM[textpanel]">
                    <param name="pad" value="-5" />
                </include>
                <include condition="$PARAM[selectbox] + $PARAM[textpanel]" content="View_Selectbox">
                    <param name="focusbounce" value="true" />
                    <bottom>-$PARAM[textbox-height]</bottom>
                    <control type="image">
                        <bordersize>7</bordersize>
                        <texture border="10" colordiffuse="$VAR[ColorHighlight]">common/box.png</texture>
                    </control>
                    <control type="image">
                        <bordersize>7</bordersize>
                        <texture border="10" colordiffuse="$VAR[ColorGradient]">common/box-gradient-vertical.png</texture>
                    </control>
                </include>
                <include condition="$PARAM[selectbox] + !$PARAM[textpanel]" content="View_Selectbox">
                    <param name="focusbounce" value="true" />
                    <control type="image">
                        <bordersize>7</bordersize>
                        <texture border="10" colordiffuse="$VAR[ColorHighlight]">common/box.png</texture>
                    </control>
                    <control type="image">
                        <bordersize>7</bordersize>
                        <texture border="10" colordiffuse="$VAR[ColorGradient]">common/box-gradient-vertical.png</texture>
                    </control>
                </include>
                <include content="Object_Artwork">
                    <param name="diffuse" value="$PARAM[diffuse]" />
                    <param name="aspectratio" value="$PARAM[aspectratio]" />
                    <param name="icon" value="$PARAM[icon]" />
                    <param name="Exp_DefaultIcon" value="$EXP[Exp_DefaultIcon_C$PARAM[id]_$PARAM[pos]]" />
                    <param name="Exp_SpecialIcon" value="$EXP[Exp_SpecialIcon_C$PARAM[id]_$PARAM[pos]]" />
                    <param name="Image_DefaultIcon" value="$VAR[Image_DefaultIcon_C$PARAM[id]_$PARAM[pos]]" />
                </include>
                <include condition="$PARAM[selectbox] + !$PARAM[textpanel]" content="View_Selectbox">
                    <param name="focusbounce" value="true" />
                </include>
            </control>

            <!-- Watched Overlay and Selectbox -->
            <include condition="$PARAM[selectbox] + $PARAM[textpanel]" content="View_Selectbox">
                <param name="focusbounce" value="true" />
                <include content="Viewtype_Landscape_Bottom" condition="!$PARAM[textbox-visible]">
                    <param name="height" value="$PARAM[textbox-height]" />
                </include>
            </include>

            <!-- Textlabels for Panel -->
            <control type="group">
                <height>$PARAM[textbox-height]</height>
                <visible>$PARAM[textbox-visible]</visible>
                <bottom>0</bottom>
                <include content="View_54_Episodes_WallItem_Label" description="Unfocused" condition="$PARAM[textpanel] + !$PARAM[selectbox]">
                    <param name="pos" value="$PARAM[pos]" />
                    <param name="textcolor_100" value="panel_fg_30" />
                    <param name="textcolor_70" value="panel_fg_30" />
                    <param name="id" value="$PARAM[id]" />
                    <param name="wall-id" value="$PARAM[wall-id]" />
                </include>
                <include content="View_54_Episodes_WallItem_Label" description="Focused" condition="Skin.HasSetting(EnableMonochromeHighlight) + $PARAM[textpanel] + $PARAM[selectbox]">
                    <param name="pos" value="$PARAM[pos]" />
                    <param name="textcolor_100" value="panel_bg" />
                    <param name="textcolor_70" value="panel_bg" />
                    <param name="id" value="$PARAM[id]" />
                    <param name="wall-id" value="$PARAM[wall-id]" />
                </include>
                <include content="View_54_Episodes_WallItem_Label" description="Focused" condition="!Skin.HasSetting(EnableMonochromeHighlight) + $PARAM[textpanel] + $PARAM[selectbox]">
                    <param name="pos" value="$PARAM[pos]" />
                    <param name="textcolor_100" value="panel_fg_100" />
                    <param name="textcolor_70" value="panel_fg_70" />
                    <param name="id" value="$PARAM[id]" />
                    <param name="wall-id" value="$PARAM[wall-id]" />
                </include>
            </control>

            <!-- Textlabels for No Panel -->
            <control type="group">
                <height>$PARAM[textbox-height]</height>
                <visible>$PARAM[textbox-visible]</visible>
                <bottom>-10</bottom>
                <include content="View_54_Episodes_WallItem_Label" description="Unfocused" condition="!$PARAM[textpanel] + !$PARAM[selectbox]">
                    <param name="pos" value="$PARAM[pos]" />
                    <param name="textcolor_100" value="main_fg_30" />
                    <param name="textcolor_70" value="main_fg_30" />
                    <param name="align" value="left" />
                    <param name="pad" value="15" />
                    <param name="id" value="$PARAM[id]" />
                    <param name="wall-id" value="$PARAM[wall-id]" />
                </include>
                <include content="View_54_Episodes_WallItem_Label" description="Focused" condition="!$PARAM[textpanel] + $PARAM[selectbox]">
                    <param name="pos" value="$PARAM[pos]" />
                    <param name="textcolor_100" value="main_fg_100" />
                    <param name="textcolor_70" value="main_fg_70" />
                    <param name="align" value="left" />
                    <param name="pad" value="15" />
                    <param name="id" value="$PARAM[id]" />
                    <param name="wall-id" value="$PARAM[wall-id]" />
                </include>
            </control>
        </control>
    </include>

    <include name="View_54_Episodes_WallItem_Label">
        <param name="textcolor_100" default="panel_fg_100" />
        <param name="textcolor_70" default="panel_fg_70" />
        <param name="align" default="center" />
        <param name="pad" default="35" />
        <definition>
            <control type="label">
                <left>$PARAM[pad]</left>
                <right>$PARAM[pad]</right>
                <font>font_tiny_bold</font>
                <selectedcolor>$PARAM[textcolor_100]</selectedcolor>
                <textcolor>$PARAM[textcolor_100]</textcolor>
                <bottom>60</bottom>
                <top>0</top>
                <aligny>center</aligny>
                <align>$PARAM[align]</align>
                <label>$VAR[Label_Landscape_Title_C$PARAM[id]_$PARAM[pos]]</label>
            </control>

            <!-- Label 2 -->
            <control type="label">
                <left>$PARAM[pad]</left>
                <right>$PARAM[pad]</right>
                <font>font_statusbar</font>
                <selectedcolor>$PARAM[textcolor_70]</selectedcolor>
                <textcolor>$PARAM[textcolor_70]</textcolor>
                <bottom>30</bottom>
                <top>30</top>
                <aligny>center</aligny>
                <align>$PARAM[align]</align>
                <label fallback="19055">$VAR[Label_SmallLandscapeWidget_Sublabel_C$PARAM[id]_$PARAM[pos]]</label>
            </control>
        </definition>
    </include>

</includes>

